[{
  "_id": {
    "$oid": "6688787539609b4ca7b8d883"
  },
  "restoran": "Burrito Madre",
  "korisnickoIme": "Nikolapar",
  "rezervacijaOd": "2024-07-08T14:00",
  "rezervacijaDo": "2024-07-08T17:00",
  "brojMesta": 4,
  "sto": 2,
  "status": 1,
  "zaduzenKonobar": "Konobar11",
  "opisOdgovor": "",
  "gotov": 0,
  "potvrda": 0
},
{
  "_id": {
    "$oid": "6688788d39609b4ca7b8d884"
  },
  "restoran": "Burrito Madre",
  "korisnickoIme": "Nikolapar",
  "rezervacijaOd": "2024-07-06T18:00",
  "rezervacijaDo": "2024-07-06T19:00",
  "brojMesta": 4,
  "sto": 0,
  "status": 2,
  "zaduzenKonobar": "",
  "opisOdgovor": "Neplanirano zatvaranje restorana",
  "gotov": 1,
  "potvrda": 0
},
{
  "_id": {
    "$oid": "668878a339609b4ca7b8d885"
  },
  "restoran": "Burrito Madre",
  "korisnickoIme": "Bojan",
  "rezervacijaOd": "2024-07-08T14:00",
  "rezervacijaDo": "2024-07-08T17:00",
  "brojMesta": 4,
  "sto": 1,
  "status": 1,
  "zaduzenKonobar": "Konobar13",
  "opisOdgovor": "",
  "gotov": 0,
  "potvrda": 0
},
{
  "_id": {
    "$oid": "668878af39609b4ca7b8d886"
  },
  "restoran": "Burrito Madre",
  "korisnickoIme": "Bojan",
  "rezervacijaOd": "2024-07-05T14:00",
  "rezervacijaDo": "2024-07-05T17:00",
  "brojMesta": 4,
  "sto": 1,
  "status": 1,
  "zaduzenKonobar": "Konobar11",
  "opisOdgovor": "",
  "gotov": 1,
  "potvrda": 1
},
{
  "_id": {
    "$oid": "668932aed15463b1380ae334"
  },
  "restoran": "Burrito Madre",
  "korisnickoIme": "Nikolapar",
  "rezervacijaOd": "2024-07-04T14:00",
  "rezervacijaDo": "2024-07-04T17:00",
  "brojMesta": 4,
  "sto": 1,
  "status": 1,
  "zaduzenKonobar": "Konobar11",
  "opisOdgovor": "",
  "gotov": 1,
  "potvrda": 1
},
{
  "_id": {
    "$oid": "668932c3d15463b1380ae335"
  },
  "restoran": "Burrito Madre",
  "korisnickoIme": "Bojan",
  "rezervacijaOd": "2024-07-06T10:00",
  "rezervacijaDo": "2024-07-06T13:00",
  "brojMesta": 4,
  "sto": 1,
  "status": 1,
  "zaduzenKonobar": "Konobar11",
  "opisOdgovor": "",
  "gotov": 1,
  "potvrda": 1
},
{
  "_id": {
    "$oid": "668932d5d15463b1380ae336"
  },
  "restoran": "Burrito Madre",
  "korisnickoIme": "Nikolapar",
  "rezervacijaOd": "2024-07-06T09:30",
  "rezervacijaDo": "2024-07-06T12:30",
  "brojMesta": 4,
  "sto": 2,
  "status": 1,
  "zaduzenKonobar": "Konobar13",
  "opisOdgovor": "",
  "gotov": 1,
  "potvrda": 1
},
{
  "_id": {
    "$oid": "668932e4d15463b1380ae337"
  },
  "restoran": "Burrito Madre",
  "korisnickoIme": "Bojan",
  "rezervacijaOd": "2024-06-18T14:00",
  "rezervacijaDo": "2024-06-18T17:00",
  "brojMesta": 4,
  "sto": 1,
  "status": 1,
  "zaduzenKonobar": "Konobar11",
  "opisOdgovor": "",
  "gotov": 1,
  "potvrda": 1
},
{
  "_id": {
    "$oid": "668932f7d15463b1380ae338"
  },
  "restoran": "Burrito Madre",
  "korisnickoIme": "Nikolapar",
  "rezervacijaOd": "2024-06-22T14:00",
  "rezervacijaDo": "2024-06-22T17:00",
  "brojMesta": 4,
  "sto": 1,
  "status": 1,
  "zaduzenKonobar": "Konobar11",
  "opisOdgovor": "",
  "gotov": 1,
  "potvrda": 1
},
{
  "_id": {
    "$oid": "66893308d15463b1380ae339"
  },
  "restoran": "Burrito Madre",
  "korisnickoIme": "Bojan",
  "rezervacijaOd": "2024-06-29T14:00",
  "rezervacijaDo": "2024-06-29T17:00",
  "brojMesta": 4,
  "sto": 1,
  "status": 1,
  "zaduzenKonobar": "Konobar13",
  "opisOdgovor": "",
  "gotov": 1,
  "potvrda": 1
},
{
  "_id": {
    "$oid": "6689d25b8faa6883d485852e"
  },
  "restoran": "Dva štapića",
  "korisnickoIme": "Nikolapar",
  "rezervacijaOd": "2024-07-09T14:00",
  "rezervacijaDo": "2024-07-09T17:00",
  "brojMesta": 4,
  "sto": 0,
  "status": 0,
  "zaduzenKonobar": "",
  "opisOdgovor": "",
  "gotov": 0,
  "potvrda": 0,
  "__v": 0
},
{
  "_id": {
    "$oid": "6689ed5a8faa6883d485858f"
  },
  "restoran": "Burrito Madre",
  "korisnickoIme": "Bojan",
  "rezervacijaOd": "2024-07-08T16:00",
  "rezervacijaDo": "2024-07-08T19:00",
  "brojMesta": 6,
  "sto": 5,
  "status": 1,
  "zaduzenKonobar": "Konobar11",
  "opisOdgovor": "",
  "gotov": 0,
  "potvrda": 0,
  "__v": 0
},
{
  "_id": {
    "$oid": "668a44f7985bf0fa0d0e68d6"
  },
  "restoran": "Burrito Madre",
  "korisnickoIme": "Nikolapar",
  "rezervacijaOd": "2024-07-07T14:00",
  "rezervacijaDo": "2024-07-07T17:00",
  "brojMesta": 4,
  "sto": 0,
  "status": 0,
  "zaduzenKonobar": "",
  "opisOdgovor": "",
  "gotov": 0,
  "potvrda": 0,
  "__v": 0
},
{
  "_id": {
    "$oid": "668a48ca8ec5c6237248990c"
  },
  "restoran": "Burrito Madre",
  "korisnickoIme": "Nikolapar",
  "rezervacijaOd": "2024-07-07T09:30",
  "rezervacijaDo": "2024-07-07T12:30",
  "brojMesta": 5,
  "sto": 6,
  "status": 2,
  "zaduzenKonobar": "Konobar11",
  "opisOdgovor": "Gost se nije pojavio!",
  "gotov": 1,
  "potvrda": 0,
  "__v": 0
},
{
  "_id": {
    "$oid": "668a7603d7ab3087c3552ecd"
  },
  "restoran": "Burrito Madre",
  "korisnickoIme": "Nikolapar",
  "rezervacijaOd": "2024-07-09T13:00",
  "rezervacijaDo": "2024-07-09T16:00",
  "brojMesta": 6,
  "sto": 5,
  "status": 1,
  "zaduzenKonobar": "Konobar11",
  "opisOdgovor": "",
  "gotov": 0,
  "potvrda": 0,
  "__v": 0
},
{
  "_id": {
    "$oid": "668a761fd7ab3087c3552ecf"
  },
  "restoran": "Burrito Madre",
  "korisnickoIme": "Nikolapar",
  "rezervacijaOd": "2024-07-09T15:00",
  "rezervacijaDo": "2024-07-09T18:00",
  "brojMesta": 4,
  "sto": 2,
  "status": 1,
  "zaduzenKonobar": "Konobar13",
  "opisOdgovor": "",
  "gotov": 0,
  "potvrda": 0,
  "__v": 0
},
{
  "_id": {
    "$oid": "668a7687d7ab3087c3552ed1"
  },
  "restoran": "Burrito Madre",
  "korisnickoIme": "Nikolapar",
  "rezervacijaOd": "2024-07-10T16:00",
  "rezervacijaDo": "2024-07-10T19:00",
  "brojMesta": 5,
  "sto": 0,
  "status": 0,
  "zaduzenKonobar": "",
  "opisOdgovor": "",
  "gotov": 0,
  "potvrda": 0,
  "__v": 0
},
{
  "_id": {
    "$oid": "668a76d0d7ab3087c3552ed7"
  },
  "restoran": "Dva štapića",
  "korisnickoIme": "Nikolapar",
  "rezervacijaOd": "2024-07-10T00:00",
  "rezervacijaDo": "2024-07-10T03:00",
  "brojMesta": 5,
  "sto": 0,
  "status": 0,
  "zaduzenKonobar": "",
  "opisOdgovor": "",
  "gotov": 0,
  "potvrda": 0,
  "__v": 0
},
{
  "_id": {
    "$oid": "668a7719d7ab3087c3552ee0"
  },
  "restoran": "Dva štapića",
  "korisnickoIme": "Dragans",
  "rezervacijaOd": "2024-07-09T16:00",
  "rezervacijaDo": "2024-07-09T19:00",
  "brojMesta": 2,
  "sto": 3,
  "status": 1,
  "zaduzenKonobar": "Stefan",
  "opisOdgovor": "",
  "gotov": 0,
  "potvrda": 0,
  "__v": 0
},
{
  "_id": {
    "$oid": "668a7757d7ab3087c3552ee2"
  },
  "restoran": "Dva štapića",
  "korisnickoIme": "Dragans",
  "rezervacijaOd": "2024-07-10T17:00",
  "rezervacijaDo": "2024-07-07T20:00",
  "brojMesta": 5,
  "sto": 2,
  "status": 1,
  "zaduzenKonobar": "Stefan",
  "opisOdgovor": "",
  "gotov": 0,
  "potvrda": 0,
  "__v": 0
}]